,precision,recall,f1-score,support
0,0.9997853974915352,0.9995708870717811,0.9996781307742743,41947.0
1,0.7954545454545454,0.8860759493670886,0.8383233532934131,79.0
accuracy,0.9993575405701233,0.9993575405701233,0.9993575405701233,0.9993575405701233
macro avg,0.8976199714730403,0.9428234182194348,0.9190007420338437,42026.0
weighted avg,0.9994012986643587,0.9993575405701233,0.9993748178865146,42026.0
