hour_day,fraud_count,fraud_amount
0,6,1820.07
1,10,1279.3200000000002
2,57,4517.9800000000005
3,17,233.91
4,23,1548.1999999999998
5,11,1416.67
6,9,1007.3199999999999
7,23,2757.78
8,9,430.99
9,16,1255.4099999999999
10,8,2349.6099999999997
11,53,6570.73
12,17,3406.54
13,17,2194.48
14,23,3641.12
15,26,2234.0899999999997
16,22,4505.45
17,29,3373.5
18,33,6345.14
19,19,2114.63
20,18,1510.41
21,16,1029.5
22,9,1442.0
23,21,3143.12